sparse_result,dense_results,use_sparse,use_dense
0,0.0,1.0,False,True
1,1.0,1.0,True,False
2,0.0,1.0,False,True
3,1.0,1.0,True,False
4,1.0,1.0,True,False
5,1.0,1.0,True,False
6,1.0,1.0,True,False
7,1.0,1.0,True,False
8,1.0,1.0,True,False
9,1.0,1.0,True,False
10,1.0,1.0,True,False
11,1.0,1.0,True,False
12,1.0,1.0,True,False
13,0.0,1.0,False,True
14,1.0,0.0,True,False
15,0.0,1.0,False,True
16,1.0,1.0,True,False
17,1.0,1.0,True,False
18,1.0,1.0,True,False
19,1.0,1.0,True,False
20,1.0,1.0,True,False
21,0.0,1.0,False,True
22,1.0,1.0,True,False
23,0.0,1.0,False,True
24,1.0,1.0,True,False
25,0.0,1.0,False,True
26,1.0,1.0,True,False
27,1.0,1.0,True,False
28,1.0,1.0,True,False
29,1.0,1.0,True,False
30,1.0,1.0,True,False
31,1.0,1.0,True,False
32,0.0,1.0,False,True
33,1.0,1.0,True,False
34,0.0,1.0,False,True
35,1.0,1.0,True,False
36,1.0,1.0,True,False
37,1.0,1.0,True,False
38,1.0,1.0,True,False
39,1.0,1.0,True,False
40,1.0,1.0,True,False
41,1.0,1.0,True,False
42,1.0,1.0,True,False
43,1.0,1.0,True,False
44,1.0,1.0,True,False
45,1.0,1.0,True,False
46,0.0,1.0,False,True
47,1.0,1.0,True,False
48,1.0,1.0,True,False
49,1.0,1.0,True,False
50,0.0,1.0,False,True
51,1.0,1.0,True,False
52,1.0,1.0,True,False
53,1.0,1.0,True,False
54,0.0,0.0,False,True
55,1.0,1.0,True,False
56,1.0,1.0,True,False
57,1.0,1.0,True,False
58,1.0,1.0,True,False
59,1.0,1.0,True,False
60,0.0,1.0,False,True
61,1.0,1.0,True,False
62,1.0,1.0,True,False
63,1.0,1.0,True,False
64,1.0,1.0,True,False
65,0.0,1.0,False,True
66,1.0,1.0,True,False
67,1.0,1.0,True,False
68,1.0,1.0,True,False
69,1.0,1.0,True,False
70,1.0,1.0,True,False
71,1.0,1.0,True,False
72,1.0,1.0,True,False
73,1.0,0.0,True,False
74,1.0,1.0,True,False
75,1.0,1.0,True,False
76,0.0,1.0,False,True
77,0.0,1.0,False,True
78,0.0,0.0,False,True
79,1.0,1.0,True,False
80,0.0,0.0,False,True
81,1.0,1.0,True,False
82,0.0,1.0,False,True
83,0.0,1.0,False,True
84,0.0,1.0,False,True
85,1.0,1.0,True,False
86,1.0,1.0,True,False
87,0.0,0.0,False,True
88,1.0,1.0,True,False
89,1.0,1.0,True,False
90,1.0,1.0,True,False
91,0.0,1.0,False,True
92,1.0,1.0,True,False
93,1.0,1.0,True,False
94,1.0,1.0,True,False
95,1.0,1.0,True,False
96,1.0,1.0,True,False
97,0.0,1.0,False,True
98,1.0,1.0,True,False
99,1.0,1.0,True,False
100,1.0,1.0,True,False
101,1.0,1.0,True,False
102,0.0,1.0,False,True
103,1.0,1.0,True,False
104,0.0,1.0,False,True
105,1.0,1.0,True,False
106,1.0,1.0,True,False
107,1.0,1.0,True,False
108,1.0,1.0,True,False
109,1.0,1.0,True,False
110,1.0,1.0,True,False
111,1.0,1.0,True,False
112,1.0,1.0,True,False
113,0.0,1.0,False,True
114,1.0,1.0,True,False
115,0.0,1.0,False,True
116,1.0,1.0,True,False
117,1.0,1.0,True,False
118,1.0,1.0,True,False
119,1.0,1.0,True,False
120,1.0,1.0,True,False
121,1.0,1.0,True,False
122,1.0,1.0,True,False
123,1.0,1.0,True,False
124,1.0,1.0,True,False
125,1.0,1.0,True,False
126,1.0,1.0,True,False
127,1.0,1.0,True,False
128,1.0,1.0,True,False
129,1.0,1.0,True,False
130,1.0,1.0,True,False
131,1.0,1.0,True,False
132,0.0,1.0,False,True
133,1.0,1.0,True,False
134,1.0,1.0,True,False
135,1.0,1.0,True,False
136,1.0,1.0,True,False
137,0.0,1.0,False,True
138,1.0,1.0,True,False
139,1.0,1.0,True,False
140,1.0,1.0,True,False
141,0.0,1.0,False,True
142,1.0,1.0,True,False
143,1.0,1.0,True,False
144,1.0,1.0,True,False
145,0.0,1.0,False,True
146,0.0,1.0,False,True
147,1.0,1.0,True,False
148,1.0,1.0,True,False
149,1.0,1.0,True,False
150,1.0,1.0,True,False
151,1.0,1.0,True,False
152,0.0,1.0,False,True
153,1.0,1.0,True,False
154,0.0,1.0,False,True
155,1.0,1.0,True,False
156,0.0,1.0,False,True
157,1.0,1.0,True,False
158,1.0,1.0,True,False
159,1.0,1.0,True,False
160,1.0,1.0,True,False
161,1.0,1.0,True,False
162,1.0,1.0,True,False
163,0.0,1.0,False,True
164,0.0,1.0,False,True
165,0.0,1.0,False,True
166,1.0,1.0,True,False
167,0.0,1.0,False,True
168,1.0,1.0,True,False
169,1.0,1.0,True,False
170,1.0,1.0,True,False
171,1.0,1.0,True,False
172,1.0,1.0,True,False
173,1.0,1.0,True,False
174,1.0,1.0,True,False
175,1.0,1.0,True,False
176,1.0,1.0,True,False
177,0.0,1.0,False,True
178,1.0,1.0,True,False
179,1.0,1.0,True,False
180,1.0,1.0,True,False
181,1.0,1.0,True,False
182,1.0,1.0,True,False
183,1.0,1.0,True,False
184,1.0,1.0,True,False
185,1.0,1.0,True,False
186,1.0,1.0,True,False
187,1.0,1.0,True,False
188,1.0,1.0,True,False
189,1.0,1.0,True,False
190,1.0,1.0,True,False
191,1.0,1.0,True,False
192,1.0,1.0,True,False
193,1.0,1.0,True,False
194,1.0,1.0,True,False
195,1.0,1.0,True,False
196,0.0,1.0,False,True
197,0.0,1.0,False,True
198,1.0,1.0,True,False
199,1.0,1.0,True,False
200,0.0,1.0,False,True
201,1.0,1.0,True,False
202,1.0,1.0,True,False
203,1.0,1.0,True,False
204,1.0,1.0,True,False
205,0.0,1.0,False,True
206,1.0,1.0,True,False
207,1.0,1.0,True,False
208,0.0,0.0,False,True
209,1.0,1.0,True,False
210,0.0,1.0,False,True
211,0.0,1.0,False,True
212,1.0,1.0,True,False
213,1.0,1.0,True,False
214,0.0,1.0,False,True
215,1.0,1.0,True,False
216,1.0,1.0,True,False
217,1.0,1.0,True,False
218,0.0,1.0,False,True
219,0.0,1.0,False,True
220,1.0,0.0,True,False
221,1.0,1.0,True,False
222,0.0,1.0,False,True
223,0.0,1.0,False,True
224,1.0,1.0,True,False
225,1.0,1.0,True,False
226,1.0,1.0,True,False
227,0.0,1.0,False,True
228,1.0,1.0,True,False
229,1.0,1.0,True,False
230,1.0,1.0,True,False
231,0.0,1.0,False,True
232,1.0,1.0,True,False
233,1.0,1.0,True,False
234,1.0,1.0,True,False
235,1.0,1.0,True,False
236,1.0,1.0,True,False
237,0.0,1.0,False,True
238,1.0,1.0,True,False
239,1.0,1.0,True,False
240,1.0,1.0,True,False
241,1.0,0.0,True,False
242,0.0,1.0,False,True
243,1.0,1.0,True,False
244,1.0,1.0,True,False
245,1.0,1.0,True,False
246,1.0,1.0,True,False
247,0.0,1.0,False,True
248,0.0,1.0,False,True
249,0.0,0.0,False,True
250,1.0,1.0,True,False
251,1.0,1.0,True,False
252,0.0,1.0,False,True
253,1.0,1.0,True,False
254,1.0,1.0,True,False
255,1.0,1.0,True,False
256,1.0,0.0,True,False
257,0.0,1.0,False,True
258,1.0,1.0,True,False
259,0.0,1.0,False,True
260,1.0,0.0,True,False
261,1.0,1.0,True,False
262,1.0,1.0,True,False
263,0.0,1.0,False,True
264,0.0,1.0,False,True
265,0.0,1.0,False,True
266,1.0,1.0,True,False
267,0.0,1.0,False,True
268,1.0,1.0,True,False
269,0.0,1.0,False,True
270,1.0,1.0,True,False
271,1.0,1.0,True,False
272,1.0,1.0,True,False
273,1.0,1.0,True,False
274,1.0,1.0,True,False
275,0.0,1.0,False,True
276,1.0,1.0,True,False
277,0.0,1.0,False,True
278,1.0,1.0,True,False
279,0.0,1.0,False,True
280,0.0,1.0,False,True
281,0.0,1.0,False,True
282,1.0,1.0,True,False
283,1.0,1.0,True,False
284,1.0,1.0,True,False
285,1.0,1.0,True,False
286,1.0,1.0,True,False
287,1.0,1.0,True,False
288,1.0,1.0,True,False
289,1.0,1.0,True,False
290,1.0,1.0,True,False
291,1.0,1.0,True,False
292,1.0,1.0,True,False
293,1.0,1.0,True,False
294,1.0,1.0,True,False
295,1.0,1.0,True,False
296,1.0,1.0,True,False
297,0.0,1.0,False,True
298,1.0,1.0,True,False
299,0.0,1.0,False,True
300,1.0,1.0,True,False
301,1.0,1.0,True,False
302,1.0,1.0,True,False
303,1.0,1.0,True,False
304,1.0,1.0,True,False
305,1.0,1.0,True,False
306,0.0,1.0,False,True
307,0.0,1.0,False,True
308,1.0,1.0,True,False
309,1.0,1.0,True,False
310,1.0,1.0,True,False
311,1.0,1.0,True,False
312,1.0,1.0,True,False
313,1.0,1.0,True,False
314,1.0,1.0,True,False
315,1.0,1.0,True,False
316,1.0,1.0,True,False
317,1.0,1.0,True,False
318,1.0,1.0,True,False
319,1.0,1.0,True,False
320,1.0,1.0,True,False
321,1.0,1.0,True,False
322,1.0,1.0,True,False
323,1.0,1.0,True,False
324,0.0,0.0,False,True
325,1.0,1.0,True,False
326,1.0,1.0,True,False
327,1.0,1.0,True,False
328,1.0,1.0,True,False
329,1.0,1.0,True,False
330,1.0,1.0,True,False
331,1.0,1.0,True,False
332,1.0,1.0,True,False
333,1.0,1.0,True,False
334,1.0,1.0,True,False
335,1.0,1.0,True,False
336,1.0,1.0,True,False
337,1.0,1.0,True,False
338,1.0,1.0,True,False
339,1.0,1.0,True,False
340,0.0,1.0,False,True
341,1.0,1.0,True,False
342,0.0,1.0,False,True
343,1.0,1.0,True,False
344,1.0,1.0,True,False
345,1.0,1.0,True,False
346,1.0,1.0,True,False
347,1.0,1.0,True,False
348,1.0,1.0,True,False
349,1.0,1.0,True,False
350,1.0,1.0,True,False
351,1.0,1.0,True,False
352,1.0,1.0,True,False
353,1.0,1.0,True,False
354,0.0,1.0,False,True
355,1.0,1.0,True,False
356,1.0,1.0,True,False
357,1.0,1.0,True,False
358,1.0,1.0,True,False
359,0.0,1.0,False,True
360,1.0,1.0,True,False
361,1.0,1.0,True,False
362,0.0,0.0,False,True
363,1.0,1.0,True,False
364,1.0,1.0,True,False
365,1.0,1.0,True,False
366,1.0,1.0,True,False
367,1.0,1.0,True,False
368,0.0,1.0,False,True
369,1.0,1.0,True,False
370,1.0,1.0,True,False
371,1.0,1.0,True,False
372,1.0,1.0,True,False
373,0.0,1.0,False,True
374,1.0,1.0,True,False
375,1.0,1.0,True,False
376,0.0,1.0,False,True
377,1.0,1.0,True,False
378,1.0,1.0,True,False
379,0.0,1.0,False,True
380,1.0,1.0,True,False
381,1.0,1.0,True,False
382,1.0,1.0,True,False
383,1.0,1.0,True,False
384,1.0,1.0,True,False
385,1.0,1.0,True,False
386,1.0,1.0,True,False
387,0.0,1.0,False,True
388,1.0,1.0,True,False
389,1.0,1.0,True,False
390,1.0,1.0,True,False
391,1.0,1.0,True,False
392,1.0,1.0,True,False
393,1.0,1.0,True,False
394,1.0,1.0,True,False
395,1.0,1.0,True,False
396,1.0,1.0,True,False
397,1.0,1.0,True,False
398,0.0,1.0,False,True
399,1.0,1.0,True,False
400,1.0,1.0,True,False
401,1.0,1.0,True,False
402,1.0,1.0,True,False
403,0.0,1.0,False,True
404,1.0,1.0,True,False
405,1.0,1.0,True,False
406,0.0,0.0,False,True
407,1.0,1.0,True,False
408,1.0,1.0,True,False
409,1.0,1.0,True,False
410,1.0,1.0,True,False
411,1.0,1.0,True,False
412,1.0,1.0,True,False
413,1.0,1.0,True,False
414,1.0,1.0,True,False
415,1.0,1.0,True,False
416,0.0,1.0,False,True
417,1.0,1.0,True,False
418,1.0,1.0,True,False
419,1.0,1.0,True,False
420,1.0,1.0,True,False
421,1.0,1.0,True,False
422,1.0,1.0,True,False
423,1.0,1.0,True,False
424,1.0,1.0,True,False
425,0.0,1.0,False,True
426,1.0,1.0,True,False
427,1.0,1.0,True,False
428,1.0,1.0,True,False
429,1.0,1.0,True,False
430,1.0,1.0,True,False
431,0.0,1.0,False,True
432,1.0,1.0,True,False
433,1.0,1.0,True,False
434,0.0,1.0,False,True
435,1.0,1.0,True,False
436,1.0,1.0,True,False
437,1.0,1.0,True,False
438,1.0,1.0,True,False
439,0.0,1.0,False,True
440,1.0,0.0,True,False
441,1.0,1.0,True,False
442,0.0,1.0,False,True
443,1.0,1.0,True,False
444,1.0,1.0,True,False
445,0.0,1.0,False,True
446,1.0,1.0,True,False
447,1.0,1.0,True,False
448,0.0,1.0,False,True
449,1.0,1.0,True,False
450,1.0,1.0,True,False
451,1.0,1.0,True,False
452,1.0,1.0,True,False
453,1.0,1.0,True,False
454,0.0,1.0,False,True
455,0.0,1.0,False,True
456,1.0,1.0,True,False
457,1.0,1.0,True,False
458,1.0,1.0,True,False
459,1.0,1.0,True,False
460,0.0,1.0,False,True
461,1.0,1.0,True,False
462,1.0,1.0,True,False
463,1.0,1.0,True,False
464,1.0,1.0,True,False
465,1.0,1.0,True,False
466,1.0,1.0,True,False
467,0.0,0.0,False,True
468,1.0,1.0,True,False
469,1.0,1.0,True,False
470,1.0,1.0,True,False
471,1.0,1.0,True,False
472,1.0,1.0,True,False
473,0.0,1.0,False,True
474,1.0,1.0,True,False
475,0.0,1.0,False,True
476,1.0,1.0,True,False
477,1.0,1.0,True,False
478,1.0,1.0,True,False
479,1.0,1.0,True,False
480,1.0,1.0,True,False
481,1.0,1.0,True,False
482,1.0,1.0,True,False
483,0.0,1.0,False,True
484,1.0,1.0,True,False
485,1.0,1.0,True,False
486,0.0,1.0,False,True
487,1.0,1.0,True,False
488,0.0,1.0,False,True
489,0.0,1.0,False,True
490,0.0,1.0,False,True
491,1.0,1.0,True,False
492,1.0,1.0,True,False
493,1.0,1.0,True,False
494,1.0,1.0,True,False
495,1.0,1.0,True,False
496,1.0,1.0,True,False
497,1.0,1.0,True,False
498,1.0,1.0,True,False
499,1.0,1.0,True,False
500,0.0,1.0,False,True
501,1.0,1.0,True,False
502,1.0,1.0,True,False
503,1.0,1.0,True,False
504,1.0,1.0,True,False
505,0.0,1.0,False,True
506,1.0,1.0,True,False
507,1.0,1.0,True,False
508,1.0,1.0,True,False
509,1.0,1.0,True,False
510,1.0,1.0,True,False
511,1.0,1.0,True,False
512,0.0,1.0,False,True
513,1.0,1.0,True,False
514,1.0,1.0,True,False
515,1.0,1.0,True,False
516,1.0,1.0,True,False
517,0.0,1.0,False,True
518,1.0,1.0,True,False
519,0.0,1.0,False,True
520,0.0,1.0,False,True
521,1.0,1.0,True,False
522,0.0,1.0,False,True
523,1.0,1.0,True,False
524,0.0,1.0,False,True
525,1.0,1.0,True,False
526,1.0,1.0,True,False
527,0.0,0.0,False,True
528,0.0,1.0,False,True
529,1.0,1.0,True,False
530,0.0,1.0,False,True
531,0.0,1.0,False,True
532,0.0,1.0,False,True
533,0.0,1.0,False,True
534,1.0,1.0,True,False
535,1.0,1.0,True,False
536,1.0,1.0,True,False
537,1.0,1.0,True,False
538,1.0,1.0,True,False
539,1.0,1.0,True,False
540,0.0,1.0,False,True
541,1.0,1.0,True,False
542,1.0,1.0,True,False
543,1.0,1.0,True,False
544,1.0,1.0,True,False
545,1.0,1.0,True,False
546,1.0,1.0,True,False
547,1.0,1.0,True,False
548,1.0,1.0,True,False
549,1.0,1.0,True,False
550,1.0,1.0,True,False
551,0.0,0.0,False,True
552,1.0,1.0,True,False
553,1.0,1.0,True,False
554,1.0,1.0,True,False
555,1.0,1.0,True,False
556,0.0,1.0,False,True
557,1.0,1.0,True,False
558,1.0,1.0,True,False
559,1.0,1.0,True,False
560,0.0,1.0,False,True
561,1.0,1.0,True,False
562,0.0,1.0,False,True
563,1.0,1.0,True,False
564,1.0,1.0,True,False
565,1.0,1.0,True,False
566,1.0,1.0,True,False
567,1.0,1.0,True,False
568,1.0,1.0,True,False
569,1.0,1.0,True,False
570,1.0,1.0,True,False
571,1.0,1.0,True,False
572,1.0,1.0,True,False
573,1.0,1.0,True,False
574,0.0,1.0,False,True
575,1.0,1.0,True,False
576,1.0,1.0,True,False
577,1.0,1.0,True,False
578,1.0,1.0,True,False
579,1.0,1.0,True,False
580,1.0,1.0,True,False
581,1.0,1.0,True,False
582,0.0,0.0,False,True
583,1.0,1.0,True,False
584,0.0,1.0,False,True
585,1.0,1.0,True,False
586,1.0,1.0,True,False
587,1.0,1.0,True,False
588,0.0,1.0,False,True
589,0.0,1.0,False,True
590,1.0,1.0,True,False
591,1.0,1.0,True,False
592,1.0,1.0,True,False
593,0.0,0.0,False,True
594,0.0,1.0,False,True
595,1.0,1.0,True,False
596,0.0,1.0,False,True
597,1.0,1.0,True,False
598,1.0,1.0,True,False
599,0.0,1.0,False,True
600,1.0,1.0,True,False
601,1.0,1.0,True,False
602,1.0,1.0,True,False
603,1.0,1.0,True,False
604,1.0,1.0,True,False
605,1.0,1.0,True,False
606,1.0,1.0,True,False
607,1.0,1.0,True,False
608,1.0,1.0,True,False
609,1.0,1.0,True,False
610,1.0,1.0,True,False
611,1.0,1.0,True,False
612,1.0,1.0,True,False
613,1.0,1.0,True,False
614,1.0,1.0,True,False
615,1.0,1.0,True,False
616,1.0,1.0,True,False
617,0.0,1.0,False,True
618,1.0,1.0,True,False
619,0.0,1.0,False,True
620,1.0,1.0,True,False
621,1.0,1.0,True,False
622,1.0,1.0,True,False
623,1.0,1.0,True,False
624,1.0,1.0,True,False
625,1.0,1.0,True,False
626,0.0,1.0,False,True
627,1.0,1.0,True,False
628,1.0,1.0,True,False
629,1.0,1.0,True,False
630,1.0,1.0,True,False
631,1.0,1.0,True,False
632,1.0,1.0,True,False
633,1.0,1.0,True,False
634,1.0,1.0,True,False
635,1.0,1.0,True,False
636,1.0,1.0,True,False
637,0.0,1.0,False,True
638,0.0,1.0,False,True
639,1.0,1.0,True,False
640,1.0,1.0,True,False
641,1.0,1.0,True,False
642,1.0,1.0,True,False
643,1.0,1.0,True,False
644,1.0,1.0,True,False
645,1.0,1.0,True,False
646,1.0,1.0,True,False
647,1.0,1.0,True,False
648,0.0,1.0,False,True
649,0.0,1.0,False,True
650,1.0,1.0,True,False
651,0.0,1.0,False,True
652,1.0,1.0,True,False
653,1.0,1.0,True,False
654,0.0,1.0,False,True
655,1.0,1.0,True,False
656,1.0,1.0,True,False
657,1.0,1.0,True,False
658,0.0,1.0,False,True
659,0.0,1.0,False,True
660,1.0,1.0,True,False
661,0.0,1.0,False,True
662,1.0,1.0,True,False
663,1.0,1.0,True,False
664,1.0,1.0,True,False
665,1.0,1.0,True,False
666,0.0,0.0,False,True
667,1.0,1.0,True,False
668,1.0,1.0,True,False
669,1.0,1.0,True,False
670,0.0,1.0,False,True
671,1.0,1.0,True,False
672,1.0,1.0,True,False
673,0.0,1.0,False,True
674,1.0,1.0,True,False
675,1.0,1.0,True,False
676,0.0,1.0,False,True
677,0.0,1.0,False,True
678,1.0,1.0,True,False
679,1.0,1.0,True,False
680,1.0,1.0,True,False
681,1.0,1.0,True,False
682,0.0,1.0,False,True
683,0.0,1.0,False,True
684,1.0,1.0,True,False
685,1.0,1.0,True,False
686,1.0,1.0,True,False
687,0.0,1.0,False,True
688,1.0,1.0,True,False
689,1.0,1.0,True,False
690,1.0,1.0,True,False
691,1.0,1.0,True,False
692,0.0,1.0,False,True
693,0.0,0.0,False,True
694,1.0,1.0,True,False
695,0.0,1.0,False,True
696,0.0,1.0,False,True
697,1.0,1.0,True,False
698,1.0,1.0,True,False
699,1.0,1.0,True,False
700,0.0,1.0,False,True
701,1.0,1.0,True,False
702,1.0,1.0,True,False
703,0.0,0.0,False,True
704,1.0,1.0,True,False
705,1.0,1.0,True,False
706,0.0,1.0,False,True
707,1.0,1.0,True,False
708,1.0,1.0,True,False
709,1.0,1.0,True,False
710,1.0,1.0,True,False
711,1.0,1.0,True,False
712,1.0,1.0,True,False
713,1.0,1.0,True,False
714,0.0,1.0,False,True
715,1.0,1.0,True,False
716,1.0,1.0,True,False
717,1.0,1.0,True,False
718,0.0,1.0,False,True
719,1.0,1.0,True,False
720,1.0,1.0,True,False
721,1.0,1.0,True,False
722,1.0,1.0,True,False
723,1.0,1.0,True,False
724,1.0,1.0,True,False
725,1.0,1.0,True,False
726,1.0,1.0,True,False
727,0.0,0.0,False,True
728,1.0,1.0,True,False
729,1.0,1.0,True,False
730,0.0,1.0,False,True
731,1.0,1.0,True,False
732,1.0,1.0,True,False
733,1.0,1.0,True,False
734,0.0,1.0,False,True
735,0.0,1.0,False,True
736,1.0,1.0,True,False
737,1.0,1.0,True,False
738,1.0,1.0,True,False
739,1.0,1.0,True,False
740,1.0,1.0,True,False
741,0.0,1.0,False,True
742,1.0,1.0,True,False
743,0.0,1.0,False,True
744,1.0,1.0,True,False
745,1.0,1.0,True,False
746,1.0,1.0,True,False
747,1.0,1.0,True,False
748,1.0,1.0,True,False
749,1.0,1.0,True,False
750,1.0,1.0,True,False
751,1.0,1.0,True,False
752,1.0,1.0,True,False
753,1.0,1.0,True,False
754,0.0,1.0,False,True
755,1.0,1.0,True,False
756,1.0,1.0,True,False
757,1.0,1.0,True,False
758,1.0,1.0,True,False
759,1.0,1.0,True,False
760,1.0,1.0,True,False
761,1.0,1.0,True,False
762,1.0,1.0,True,False
763,1.0,1.0,True,False
764,1.0,1.0,True,False
765,1.0,1.0,True,False
766,1.0,1.0,True,False
767,1.0,1.0,True,False
768,1.0,1.0,True,False
769,1.0,1.0,True,False
770,1.0,1.0,True,False
771,1.0,1.0,True,False
772,1.0,1.0,True,False
773,1.0,1.0,True,False
774,1.0,1.0,True,False
775,1.0,1.0,True,False
776,1.0,1.0,True,False
777,1.0,1.0,True,False
778,1.0,1.0,True,False
779,0.0,1.0,False,True
780,1.0,1.0,True,False
781,0.0,1.0,False,True
782,1.0,1.0,True,False
783,1.0,1.0,True,False
784,1.0,1.0,True,False
785,1.0,1.0,True,False
786,1.0,1.0,True,False
787,1.0,1.0,True,False
788,1.0,1.0,True,False
789,1.0,1.0,True,False
790,1.0,1.0,True,False
791,0.0,0.0,False,True
792,0.0,1.0,False,True
793,0.0,1.0,False,True
794,1.0,1.0,True,False
795,1.0,1.0,True,False
796,0.0,1.0,False,True
797,0.0,1.0,False,True
798,1.0,1.0,True,False
799,1.0,1.0,True,False
800,1.0,1.0,True,False
801,1.0,1.0,True,False
802,1.0,1.0,True,False
803,1.0,1.0,True,False
804,1.0,1.0,True,False
805,1.0,1.0,True,False
806,1.0,1.0,True,False
807,1.0,1.0,True,False
808,0.0,1.0,False,True
809,1.0,1.0,True,False
810,1.0,1.0,True,False
811,1.0,1.0,True,False
812,1.0,1.0,True,False
813,1.0,1.0,True,False
814,1.0,1.0,True,False
815,0.0,1.0,False,True
816,0.0,1.0,False,True
817,1.0,1.0,True,False
818,1.0,1.0,True,False
819,0.0,1.0,False,True
820,1.0,1.0,True,False
821,1.0,1.0,True,False
822,1.0,1.0,True,False
823,1.0,1.0,True,False
824,0.0,1.0,False,True
825,1.0,1.0,True,False
826,1.0,1.0,True,False
827,1.0,0.0,True,False
828,1.0,1.0,True,False
829,1.0,1.0,True,False
830,1.0,1.0,True,False
831,1.0,1.0,True,False
832,1.0,1.0,True,False
833,1.0,1.0,True,False
834,0.0,1.0,False,True
835,0.0,0.0,False,True
836,1.0,1.0,True,False
837,0.0,1.0,False,True
838,1.0,1.0,True,False
839,0.0,0.0,False,True
840,0.0,1.0,False,True
841,0.0,1.0,False,True
842,1.0,0.0,True,False
843,0.0,1.0,False,True
844,1.0,1.0,True,False
845,0.0,0.0,False,True
846,1.0,1.0,True,False
847,1.0,1.0,True,False
848,1.0,1.0,True,False
849,1.0,1.0,True,False
850,1.0,1.0,True,False
851,1.0,1.0,True,False
852,1.0,1.0,True,False
853,1.0,1.0,True,False
854,1.0,1.0,True,False
855,1.0,1.0,True,False
856,1.0,1.0,True,False
857,1.0,1.0,True,False
858,1.0,1.0,True,False
859,0.0,1.0,False,True
860,1.0,1.0,True,False
861,1.0,1.0,True,False
862,1.0,1.0,True,False
863,1.0,1.0,True,False
864,0.0,1.0,False,True
865,1.0,1.0,True,False
866,1.0,1.0,True,False
867,0.0,0.0,False,True
868,1.0,1.0,True,False
869,0.0,1.0,False,True
870,1.0,1.0,True,False
871,0.0,1.0,False,True
872,1.0,1.0,True,False
873,1.0,1.0,True,False
874,1.0,1.0,True,False
875,1.0,1.0,True,False
876,1.0,1.0,True,False
877,1.0,1.0,True,False
878,0.0,1.0,False,True
879,1.0,1.0,True,False
880,0.0,0.0,False,True
881,0.0,1.0,False,True
882,1.0,1.0,True,False
883,0.0,1.0,False,True
884,1.0,1.0,True,False
885,1.0,1.0,True,False
886,1.0,1.0,True,False
887,1.0,1.0,True,False
888,1.0,1.0,True,False
889,1.0,1.0,True,False
890,1.0,1.0,True,False
891,1.0,1.0,True,False
892,1.0,1.0,True,False
893,1.0,1.0,True,False
894,1.0,1.0,True,False
895,1.0,1.0,True,False
896,1.0,1.0,True,False
897,1.0,1.0,True,False
898,1.0,1.0,True,False
899,1.0,1.0,True,False
900,0.0,0.0,False,True
901,1.0,1.0,True,False
902,0.0,1.0,False,True
903,0.0,1.0,False,True
904,1.0,1.0,True,False
905,1.0,1.0,True,False
906,1.0,1.0,True,False
907,1.0,1.0,True,False
908,0.0,0.0,False,True
909,1.0,1.0,True,False
910,1.0,1.0,True,False
911,1.0,1.0,True,False
912,1.0,1.0,True,False
913,1.0,1.0,True,False
914,1.0,1.0,True,False
915,1.0,1.0,True,False
916,0.0,1.0,False,True
917,0.0,1.0,False,True
918,0.0,1.0,False,True
919,1.0,1.0,True,False
920,1.0,1.0,True,False
921,1.0,1.0,True,False
922,1.0,1.0,True,False
923,1.0,1.0,True,False
924,0.0,1.0,False,True
925,1.0,1.0,True,False
926,0.0,1.0,False,True
927,1.0,1.0,True,False
928,1.0,1.0,True,False
929,0.0,1.0,False,True
930,0.0,0.0,False,True
931,1.0,1.0,True,False
932,1.0,1.0,True,False
933,1.0,1.0,True,False
934,1.0,1.0,True,False
935,1.0,1.0,True,False
936,0.0,1.0,False,True
937,1.0,1.0,True,False
938,1.0,1.0,True,False
939,1.0,1.0,True,False
940,1.0,1.0,True,False
941,1.0,1.0,True,False
942,1.0,1.0,True,False
943,1.0,1.0,True,False
944,1.0,1.0,True,False
945,0.0,1.0,False,True
946,0.0,1.0,False,True
947,1.0,1.0,True,False
948,1.0,1.0,True,False
949,1.0,1.0,True,False
950,1.0,1.0,True,False
951,1.0,1.0,True,False
952,0.0,1.0,False,True
953,1.0,1.0,True,False
954,1.0,1.0,True,False
955,0.0,0.0,False,True
956,1.0,1.0,True,False
957,0.0,0.0,False,True
958,0.0,1.0,False,True
959,1.0,1.0,True,False
960,1.0,1.0,True,False
961,1.0,1.0,True,False
962,0.0,1.0,False,True
963,1.0,1.0,True,False
964,1.0,1.0,True,False
965,1.0,1.0,True,False
966,1.0,1.0,True,False
967,1.0,1.0,True,False
968,1.0,1.0,True,False
969,1.0,1.0,True,False
970,0.0,1.0,False,True
971,1.0,1.0,True,False
972,1.0,1.0,True,False
973,1.0,1.0,True,False
974,0.0,1.0,False,True
975,1.0,1.0,True,False
976,0.0,1.0,False,True
977,1.0,1.0,True,False
978,1.0,1.0,True,False
979,1.0,1.0,True,False
980,0.0,1.0,False,True
981,1.0,1.0,True,False
982,1.0,1.0,True,False
983,1.0,1.0,True,False
984,0.0,1.0,False,True
985,1.0,1.0,True,False
986,1.0,1.0,True,False
987,1.0,1.0,True,False
988,1.0,1.0,True,False
989,0.0,1.0,False,True
990,1.0,1.0,True,False
991,0.0,1.0,False,True
992,1.0,1.0,True,False
993,1.0,1.0,True,False
994,0.0,1.0,False,True
995,1.0,1.0,True,False
996,1.0,1.0,True,False
997,1.0,1.0,True,False
998,0.0,1.0,False,True
999,1.0,1.0,True,False
1000,0.0,1.0,False,True
1001,1.0,1.0,True,False
1002,0.0,1.0,False,True
1003,0.0,1.0,False,True
1004,1.0,1.0,True,False
1005,0.0,1.0,False,True
1006,0.0,1.0,False,True
1007,1.0,1.0,True,False
1008,1.0,1.0,True,False
1009,1.0,1.0,True,False
1010,0.0,0.0,False,True
1011,1.0,1.0,True,False
1012,1.0,1.0,True,False
1013,0.0,1.0,False,True
1014,1.0,1.0,True,False
1015,1.0,1.0,True,False
1016,1.0,1.0,True,False
1017,1.0,1.0,True,False
1018,1.0,1.0,True,False
1019,1.0,1.0,True,False
1020,1.0,1.0,True,False
1021,1.0,1.0,True,False
1022,1.0,1.0,True,False
1023,1.0,1.0,True,False
1024,0.0,1.0,False,True
1025,1.0,1.0,True,False
1026,1.0,1.0,True,False
1027,0.0,1.0,False,True
1028,1.0,1.0,True,False
1029,1.0,1.0,True,False
1030,1.0,1.0,True,False
1031,1.0,1.0,True,False
1032,1.0,1.0,True,False
1033,1.0,1.0,True,False
1034,0.0,1.0,False,True
1035,0.0,1.0,False,True
1036,1.0,1.0,True,False
1037,1.0,1.0,True,False
1038,1.0,1.0,True,False
1039,1.0,1.0,True,False
1040,1.0,1.0,True,False
1041,1.0,1.0,True,False
1042,1.0,1.0,True,False
1043,1.0,1.0,True,False
1044,1.0,1.0,True,False
1045,1.0,1.0,True,False
1046,1.0,1.0,True,False
1047,1.0,1.0,True,False
1048,1.0,1.0,True,False
1049,0.0,1.0,False,True
1050,1.0,1.0,True,False
1051,0.0,1.0,False,True
1052,1.0,1.0,True,False
1053,0.0,1.0,False,True
1054,1.0,1.0,True,False
1055,1.0,1.0,True,False
1056,1.0,1.0,True,False
1057,0.0,1.0,False,True
1058,1.0,1.0,True,False
1059,1.0,1.0,True,False
1060,1.0,1.0,True,False
1061,1.0,1.0,True,False
1062,1.0,1.0,True,False
1063,1.0,1.0,True,False
1064,1.0,1.0,True,False
1065,1.0,1.0,True,False
1066,0.0,1.0,False,True
1067,1.0,1.0,True,False
1068,0.0,1.0,False,True
1069,1.0,1.0,True,False
1070,1.0,1.0,True,False
1071,1.0,1.0,True,False
1072,1.0,1.0,True,False
1073,1.0,1.0,True,False
1074,1.0,1.0,True,False
1075,1.0,1.0,True,False
1076,1.0,1.0,True,False
